0,AAPL,1.0,sell
1,AAPL,1.0,buy
2,MSFT,1.0,sell
3,MSFT,1.0,buy
4,AAPL,1.0,sell
5,AAPL,1.0,buy
6,MSFT,1.0,sell
7,MSFT,1.0,buy
8,AAPL,1.0,sell
9,AAPL,1.0,buy
10,MSFT,1.0,sell
11,MSFT,1.0,buy
12,AAPL,1.0,sell
13,AAPL,1.0,buy
14,MSFT,1.0,sell
15,MSFT,1.0,buy
16,AAPL,1.0,sell
17,AAPL,1.0,buy
18,MSFT,1.0,sell
19,MSFT,1.0,buy
20,AAPL,1.0,sell
21,AAPL,1.0,buy
22,MSFT,1.0,sell
23,MSFT,1.0,buy
24,AAPL,1.0,sell
25,AAPL,1.0,buy
26,MSFT,1.0,sell
27,MSFT,1.0,buy
28,AAPL,1.0,sell
29,AAPL,1.0,buy
30,MSFT,1.0,sell
31,MSFT,1.0,buy
32,AAPL,1.0,sell
33,AAPL,1.0,buy
34,MSFT,1.0,sell
35,MSFT,1.0,buy
36,AAPL,1.0,sell
37,AAPL,1.0,buy
38,MSFT,1.0,sell
39,MSFT,1.0,buy
40,AAPL,1.0,sell
41,AAPL,1.0,buy
42,MSFT,1.0,sell
43,MSFT,1.0,buy
44,AAPL,1.0,sell
45,AAPL,1.0,buy
46,MSFT,1.0,sell
47,MSFT,1.0,buy
48,AAPL,1.0,sell
49,AAPL,1.0,buy
50,MSFT,1.0,sell
51,MSFT,1.0,buy
52,AAPL,1.0,sell
53,AAPL,1.0,buy
54,MSFT,1.0,sell
55,MSFT,1.0,buy
56,AAPL,1.0,sell
57,AAPL,1.0,buy
58,MSFT,1.0,sell
59,MSFT,1.0,buy
60,AAPL,1.0,sell
61,AAPL,1.0,buy
62,MSFT,1.0,sell
63,MSFT,1.0,buy
64,AAPL,1.0,sell
65,AAPL,1.0,buy
66,MSFT,1.0,sell
67,MSFT,1.0,buy
68,AAPL,1.0,sell
69,AAPL,1.0,buy
70,MSFT,1.0,sell
71,MSFT,1.0,buy
72,AAPL,1.0,sell
73,AAPL,1.0,buy
74,MSFT,1.0,sell
75,MSFT,1.0,buy
76,AAPL,1.0,sell
77,AAPL,1.0,buy
78,MSFT,1.0,sell
79,MSFT,1.0,buy
80,AAPL,1.0,sell
81,AAPL,1.0,buy
82,MSFT,1.0,sell
83,MSFT,1.0,buy
84,AAPL,1.0,sell
85,AAPL,1.0,buy
86,MSFT,1.0,sell
87,MSFT,1.0,buy
88,AAPL,1.0,sell
89,AAPL,1.0,buy
90,MSFT,1.0,sell
91,MSFT,1.0,buy
92,AAPL,1.0,sell
93,AAPL,1.0,buy
94,MSFT,1.0,sell
95,MSFT,1.0,buy
96,AAPL,1.0,sell
97,AAPL,1.0,buy
98,MSFT,1.0,sell
99,MSFT,1.0,buy
100,AAPL,1.0,sell
101,AAPL,1.0,buy
102,MSFT,1.0,sell
103,MSFT,1.0,buy
104,AAPL,1.0,sell
105,AAPL,1.0,buy
106,MSFT,1.0,sell
107,MSFT,1.0,buy
108,AAPL,1.0,sell
109,AAPL,1.0,buy
110,MSFT,1.0,sell
111,MSFT,1.0,buy
112,AAPL,1.0,sell
113,AAPL,1.0,buy
114,MSFT,1.0,sell
115,MSFT,1.0,buy
116,AAPL,1.0,sell
117,AAPL,1.0,buy
118,MSFT,1.0,sell
119,MSFT,1.0,buy
120,AAPL,1.0,sell
121,AAPL,1.0,buy
122,MSFT,1.0,sell
123,MSFT,1.0,buy
124,AAPL,1.0,sell
125,AAPL,1.0,buy
126,MSFT,1.0,sell
127,MSFT,1.0,buy
128,AAPL,1.0,sell
129,AAPL,1.0,buy
130,MSFT,1.0,sell
131,MSFT,1.0,buy
132,AAPL,1.0,sell
133,AAPL,1.0,buy
134,MSFT,1.0,sell
135,MSFT,1.0,buy
136,AAPL,1.0,sell
137,AAPL,1.0,buy
138,MSFT,1.0,sell
139,MSFT,1.0,buy
140,AAPL,1.0,sell
141,AAPL,1.0,buy
142,MSFT,1.0,sell
143,MSFT,1.0,buy
144,AAPL,1.0,sell
145,AAPL,1.0,buy
146,MSFT,1.0,sell
147,MSFT,1.0,buy
148,AAPL,1.0,sell
149,AAPL,1.0,buy
150,MSFT,1.0,sell
151,MSFT,1.0,buy
152,AAPL,1.0,sell
153,AAPL,1.0,buy
154,MSFT,1.0,sell
155,MSFT,1.0,buy
156,AAPL,1.0,sell
157,AAPL,1.0,buy
158,MSFT,1.0,sell
159,MSFT,1.0,buy
160,AAPL,1.0,sell
161,AAPL,1.0,buy
162,MSFT,1.0,sell
163,MSFT,1.0,buy
164,AAPL,1.0,sell
165,AAPL,1.0,buy
166,MSFT,1.0,sell
167,MSFT,1.0,buy
168,AAPL,1.0,sell
169,AAPL,1.0,buy
170,MSFT,1.0,sell
171,MSFT,1.0,buy
172,AAPL,1.0,sell
173,AAPL,1.0,buy
174,MSFT,1.0,sell
175,MSFT,1.0,buy
176,AAPL,1.0,sell
177,AAPL,1.0,buy
178,MSFT,1.0,sell
179,MSFT,1.0,buy
180,AAPL,1.0,sell
181,AAPL,1.0,buy
182,MSFT,1.0,sell
183,MSFT,1.0,buy
184,AAPL,1.0,sell
185,AAPL,1.0,buy
186,MSFT,1.0,sell
187,MSFT,1.0,buy
188,AAPL,1.0,sell
189,AAPL,1.0,buy
190,MSFT,1.0,sell
191,MSFT,1.0,buy
192,AAPL,1.0,sell
193,AAPL,1.0,buy
194,MSFT,1.0,sell
195,MSFT,1.0,buy
196,AAPL,1.0,sell
197,AAPL,1.0,buy
198,MSFT,1.0,sell
199,MSFT,1.0,buy
200,AAPL,1.0,sell
201,AAPL,1.0,buy
202,MSFT,1.0,sell
203,MSFT,1.0,buy
204,AAPL,1.0,sell
205,AAPL,1.0,buy
206,MSFT,1.0,sell
207,MSFT,1.0,buy
208,AAPL,1.0,sell
209,AAPL,1.0,buy
210,MSFT,1.0,sell
211,MSFT,1.0,buy
212,AAPL,1.0,sell
213,AAPL,1.0,buy
214,MSFT,1.0,sell
215,MSFT,1.0,buy
216,AAPL,1.0,sell
217,AAPL,1.0,buy
218,MSFT,1.0,sell
219,MSFT,1.0,buy
220,AAPL,1.0,sell
221,AAPL,1.0,buy
222,MSFT,1.0,sell
223,MSFT,1.0,buy
224,AAPL,1.0,sell
225,AAPL,1.0,buy
226,MSFT,1.0,sell
227,MSFT,1.0,buy
228,AAPL,1.0,sell
229,AAPL,1.0,buy
230,MSFT,1.0,sell
231,MSFT,1.0,buy
232,AAPL,1.0,sell
233,AAPL,1.0,buy
234,MSFT,1.0,sell
235,MSFT,1.0,buy
236,AAPL,1.0,sell
237,AAPL,1.0,buy
238,MSFT,1.0,sell
239,MSFT,1.0,buy
240,AAPL,1.0,sell
241,AAPL,1.0,buy
242,MSFT,1.0,sell
243,MSFT,1.0,buy
244,AAPL,1.0,sell
245,AAPL,1.0,buy
246,MSFT,1.0,sell
247,MSFT,1.0,buy
248,AAPL,1.0,sell
249,AAPL,1.0,buy
250,MSFT,1.0,sell
251,MSFT,1.0,buy
252,AAPL,1.0,sell
253,AAPL,1.0,buy
254,MSFT,1.0,sell
255,MSFT,1.0,buy
256,AAPL,1.0,sell
257,AAPL,1.0,buy
258,MSFT,1.0,sell
259,MSFT,1.0,buy
260,AAPL,1.0,sell
261,AAPL,1.0,buy
262,MSFT,1.0,sell
263,MSFT,1.0,buy
264,AAPL,1.0,sell
265,AAPL,1.0,buy
266,MSFT,1.0,sell
267,MSFT,1.0,buy
268,AAPL,1.0,sell
269,AAPL,1.0,buy
270,MSFT,1.0,sell
271,MSFT,1.0,buy
272,AAPL,1.0,sell
273,AAPL,1.0,buy
274,MSFT,1.0,sell
275,MSFT,1.0,buy
276,AAPL,1.0,sell
277,AAPL,1.0,buy
278,MSFT,1.0,sell
279,MSFT,1.0,buy
280,AAPL,1.0,sell
281,AAPL,1.0,buy
282,MSFT,1.0,sell
283,MSFT,1.0,buy
284,AAPL,1.0,sell
285,AAPL,1.0,buy
286,MSFT,1.0,sell
287,MSFT,1.0,buy
288,AAPL,1.0,sell
289,AAPL,1.0,buy
290,MSFT,1.0,sell
291,MSFT,1.0,buy
292,AAPL,1.0,sell
293,AAPL,1.0,buy
294,MSFT,1.0,sell
295,MSFT,1.0,buy
296,AAPL,1.0,sell
297,AAPL,1.0,buy
298,MSFT,1.0,sell
299,MSFT,1.0,buy
300,AAPL,1.0,sell
301,AAPL,1.0,buy
302,MSFT,1.0,sell
303,MSFT,1.0,buy
304,AAPL,1.0,sell
305,AAPL,1.0,buy
306,MSFT,1.0,sell
307,MSFT,1.0,buy
308,AAPL,1.0,sell
309,AAPL,1.0,buy
310,MSFT,1.0,sell
311,MSFT,1.0,buy
312,AAPL,1.0,sell
313,AAPL,1.0,buy
314,MSFT,1.0,sell
315,MSFT,1.0,buy
316,AAPL,1.0,sell
317,AAPL,1.0,buy
318,MSFT,1.0,sell
319,MSFT,1.0,buy
320,AAPL,1.0,sell
321,AAPL,1.0,buy
322,MSFT,1.0,sell
323,MSFT,1.0,buy
324,AAPL,1.0,sell
325,AAPL,1.0,buy
326,MSFT,1.0,sell
327,MSFT,1.0,buy
328,AAPL,1.0,sell
329,AAPL,1.0,buy
330,MSFT,1.0,sell
331,MSFT,1.0,buy
332,AAPL,1.0,sell
333,AAPL,1.0,buy
334,MSFT,1.0,sell
335,MSFT,1.0,buy
336,AAPL,1.0,sell
337,AAPL,1.0,buy
338,MSFT,1.0,sell
339,MSFT,1.0,buy
340,AAPL,1.0,sell
341,AAPL,1.0,buy
342,MSFT,1.0,sell
343,MSFT,1.0,buy
344,AAPL,1.0,sell
345,AAPL,1.0,buy
346,MSFT,1.0,sell
347,MSFT,1.0,buy
348,AAPL,1.0,sell
349,AAPL,1.0,buy
350,MSFT,1.0,sell
351,MSFT,1.0,buy
352,AAPL,1.0,sell
353,AAPL,1.0,buy
354,MSFT,1.0,sell
355,MSFT,1.0,buy
356,AAPL,1.0,sell
357,AAPL,1.0,buy
358,MSFT,1.0,sell
359,MSFT,1.0,buy
360,AAPL,1.0,sell
361,AAPL,1.0,buy
362,MSFT,1.0,sell
363,MSFT,1.0,buy
364,AAPL,1.0,sell
365,AAPL,1.0,buy
366,MSFT,1.0,sell
367,MSFT,1.0,buy
368,AAPL,1.0,sell
369,AAPL,1.0,buy
370,MSFT,1.0,sell
371,MSFT,1.0,buy
372,AAPL,1.0,sell
373,AAPL,1.0,buy
374,MSFT,1.0,sell
375,MSFT,1.0,buy
376,AAPL,1.0,sell
377,AAPL,1.0,buy
378,MSFT,1.0,sell
379,MSFT,1.0,buy
380,AAPL,1.0,sell
381,AAPL,1.0,buy
382,MSFT,1.0,sell
383,MSFT,1.0,buy
384,AAPL,1.0,sell
385,AAPL,1.0,buy
386,MSFT,1.0,sell
387,MSFT,1.0,buy
388,AAPL,1.0,sell
389,AAPL,1.0,buy
390,MSFT,1.0,sell
391,MSFT,1.0,buy
392,AAPL,1.0,sell
393,AAPL,1.0,buy
394,MSFT,1.0,sell
395,MSFT,1.0,buy
396,AAPL,1.0,sell
397,AAPL,1.0,buy
398,MSFT,1.0,sell
399,MSFT,1.0,buy
400,AAPL,1.0,buy
401,GOOG,1.0,buy
402,MSFT,1.0,buy
403,SPX,1.0,buy
404,OEX,1.0,buy
405,DJX,1.0,buy
406,NDX,1.0,buy
407,CPQ,1.0,buy
408,INTC,1.0,buy
409,IBM,1.0,buy
410,AAPL,1.0,buy
411,GOOG,1.0,buy
412,MSFT,1.0,buy
413,SPX,1.0,buy
414,OEX,1.0,buy
415,DJX,1.0,buy
416,NDX,1.0,buy
417,CPQ,1.0,buy
418,INTC,1.0,buy
419,IBM,1.0,buy
420,AAPL,1.0,buy
421,GOOG,1.0,buy
422,MSFT,1.0,buy
423,SPX,1.0,buy
424,OEX,1.0,buy
425,DJX,1.0,buy
426,NDX,1.0,buy
427,CPQ,1.0,buy
428,INTC,1.0,buy
429,IBM,1.0,buy
430,AAPL,1.0,buy
431,GOOG,1.0,buy
432,MSFT,1.0,buy
433,SPX,1.0,buy
434,OEX,1.0,buy
435,DJX,1.0,buy
436,NDX,1.0,buy
437,CPQ,1.0,buy
438,INTC,1.0,buy
439,IBM,1.0,buy
440,AAPL,1.0,buy
441,GOOG,1.0,buy
442,MSFT,1.0,buy
443,SPX,1.0,buy
444,OEX,1.0,buy
445,DJX,1.0,buy
446,NDX,1.0,buy
447,CPQ,1.0,buy
448,INTC,1.0,buy
449,IBM,1.0,buy
450,AAPL,1.0,buy
451,GOOG,1.0,buy
452,MSFT,1.0,buy
453,SPX,1.0,buy
454,OEX,1.0,buy
455,DJX,1.0,buy
456,NDX,1.0,buy
457,CPQ,1.0,buy
458,INTC,1.0,buy
459,IBM,1.0,buy
460,AAPL,1.0,buy
461,GOOG,1.0,buy
462,MSFT,1.0,buy
463,SPX,1.0,buy
464,OEX,1.0,buy
465,DJX,1.0,buy
466,NDX,1.0,buy
467,CPQ,1.0,buy
468,INTC,1.0,buy
469,IBM,1.0,buy
470,AAPL,1.0,buy
471,GOOG,1.0,buy
472,MSFT,1.0,buy
473,SPX,1.0,buy
474,OEX,1.0,buy
475,DJX,1.0,buy
476,NDX,1.0,buy
477,CPQ,1.0,buy
478,INTC,1.0,buy
479,IBM,1.0,buy
480,AAPL,1.0,buy
481,GOOG,1.0,buy
482,MSFT,1.0,buy
483,SPX,1.0,buy
484,OEX,1.0,buy
485,DJX,1.0,buy
486,NDX,1.0,buy
487,CPQ,1.0,buy
488,INTC,1.0,buy
489,IBM,1.0,buy
490,AAPL,1.0,buy
491,GOOG,1.0,buy
492,MSFT,1.0,buy
493,SPX,1.0,buy
494,OEX,1.0,buy
495,DJX,1.0,buy
496,NDX,1.0,buy
497,CPQ,1.0,buy
498,INTC,1.0,buy
499,IBM,1.0,buy
500,AAPL,1.0,buy
501,GOOG,1.0,buy
502,MSFT,1.0,buy
503,SPX,1.0,buy
504,OEX,1.0,buy
505,DJX,1.0,buy
506,NDX,1.0,buy
507,CPQ,1.0,buy
508,INTC,1.0,buy
509,IBM,1.0,buy
510,AAPL,1.0,buy
511,GOOG,1.0,buy
512,MSFT,1.0,buy
513,SPX,1.0,buy
514,OEX,1.0,buy
515,DJX,1.0,buy
516,NDX,1.0,buy
517,CPQ,1.0,buy
518,INTC,1.0,buy
519,IBM,1.0,buy
520,AAPL,1.0,buy
521,GOOG,1.0,buy
522,MSFT,1.0,buy
523,SPX,1.0,buy
524,OEX,1.0,buy
525,DJX,1.0,buy
526,NDX,1.0,buy
527,CPQ,1.0,buy
528,INTC,1.0,buy
529,IBM,1.0,buy
530,AAPL,1.0,buy
531,GOOG,1.0,buy
532,MSFT,1.0,buy
533,SPX,1.0,buy
534,OEX,1.0,buy
535,DJX,1.0,buy
536,NDX,1.0,buy
537,CPQ,1.0,buy
538,INTC,1.0,buy
539,IBM,1.0,buy
540,AAPL,1.0,buy
541,GOOG,1.0,buy
542,MSFT,1.0,buy
543,SPX,1.0,buy
544,OEX,1.0,buy
545,DJX,1.0,buy
546,NDX,1.0,buy
547,CPQ,1.0,buy
548,INTC,1.0,buy
549,IBM,1.0,buy
550,AAPL,1.0,buy
551,GOOG,1.0,buy
552,MSFT,1.0,buy
553,SPX,1.0,buy
554,OEX,1.0,buy
555,DJX,1.0,buy
556,NDX,1.0,buy
557,CPQ,1.0,buy
558,INTC,1.0,buy
559,IBM,1.0,buy
560,AAPL,1.0,buy
561,GOOG,1.0,buy
562,MSFT,1.0,buy
563,SPX,1.0,buy
564,OEX,1.0,buy
565,DJX,1.0,buy
566,NDX,1.0,buy
567,CPQ,1.0,buy
568,INTC,1.0,buy
569,IBM,1.0,buy
570,AAPL,1.0,buy
571,GOOG,1.0,buy
572,MSFT,1.0,buy
573,SPX,1.0,buy
574,OEX,1.0,buy
575,DJX,1.0,buy
576,NDX,1.0,buy
577,CPQ,1.0,buy
578,INTC,1.0,buy
579,IBM,1.0,buy
580,AAPL,1.0,buy
581,GOOG,1.0,buy
582,MSFT,1.0,buy
583,SPX,1.0,buy
584,OEX,1.0,buy
585,DJX,1.0,buy
586,NDX,1.0,buy
587,CPQ,1.0,buy
588,INTC,1.0,buy
589,IBM,1.0,buy
590,AAPL,1.0,buy
591,GOOG,1.0,buy
592,MSFT,1.0,buy
593,SPX,1.0,buy
594,OEX,1.0,buy
595,DJX,1.0,buy
596,NDX,1.0,buy
597,CPQ,1.0,buy
598,INTC,1.0,buy
599,IBM,1.0,buy
600,AAPL,1.0,buy
601,GOOG,1.0,buy
602,MSFT,1.0,buy
603,SPX,1.0,buy
604,OEX,1.0,buy
605,DJX,1.0,buy
606,NDX,1.0,buy
607,CPQ,1.0,buy
608,INTC,1.0,buy
609,IBM,1.0,buy
610,AAPL,1.0,buy
611,GOOG,1.0,buy
612,MSFT,1.0,buy
613,SPX,1.0,buy
614,OEX,1.0,buy
615,DJX,1.0,buy
616,NDX,1.0,buy
617,CPQ,1.0,buy
618,INTC,1.0,buy
619,IBM,1.0,buy
620,AAPL,1.0,buy
621,GOOG,1.0,buy
622,MSFT,1.0,buy
623,SPX,1.0,buy
624,OEX,1.0,buy
625,DJX,1.0,buy
626,NDX,1.0,buy
627,CPQ,1.0,buy
628,INTC,1.0,buy
629,IBM,1.0,buy
630,AAPL,1.0,buy
631,GOOG,1.0,buy
632,MSFT,1.0,buy
633,SPX,1.0,buy
634,OEX,1.0,buy
635,DJX,1.0,buy
636,NDX,1.0,buy
637,CPQ,1.0,buy
638,INTC,1.0,buy
639,IBM,1.0,buy
640,AAPL,1.0,buy
641,GOOG,1.0,buy
642,MSFT,1.0,buy
643,SPX,1.0,buy
644,OEX,1.0,buy
645,DJX,1.0,buy
646,NDX,1.0,buy
647,CPQ,1.0,buy
648,INTC,1.0,buy
649,IBM,1.0,buy
650,AAPL,1.0,buy
651,GOOG,1.0,buy
652,MSFT,1.0,buy
653,SPX,1.0,buy
654,OEX,1.0,buy
655,DJX,1.0,buy
656,NDX,1.0,buy
657,CPQ,1.0,buy
658,INTC,1.0,buy
659,IBM,1.0,buy
660,AAPL,1.0,buy
661,GOOG,1.0,buy
662,MSFT,1.0,buy
663,SPX,1.0,buy
664,OEX,1.0,buy
665,DJX,1.0,buy
666,NDX,1.0,buy
667,CPQ,1.0,buy
668,INTC,1.0,buy
669,IBM,1.0,buy
670,AAPL,1.0,buy
671,GOOG,1.0,buy
672,MSFT,1.0,buy
673,SPX,1.0,buy
674,OEX,1.0,buy
675,DJX,1.0,buy
676,NDX,1.0,buy
677,CPQ,1.0,buy
678,INTC,1.0,buy
679,IBM,1.0,buy
680,AAPL,1.0,buy
681,GOOG,1.0,buy
682,MSFT,1.0,buy
683,SPX,1.0,buy
684,OEX,1.0,buy
685,DJX,1.0,buy
686,NDX,1.0,buy
687,CPQ,1.0,buy
688,INTC,1.0,buy
689,IBM,1.0,buy
690,AAPL,1.0,buy
691,GOOG,1.0,buy
692,MSFT,1.0,buy
693,SPX,1.0,buy
694,OEX,1.0,buy
695,DJX,1.0,buy
696,NDX,1.0,buy
697,CPQ,1.0,buy
698,INTC,1.0,buy
699,IBM,1.0,buy
700,AAPL,1.0,buy
701,GOOG,1.0,buy
702,MSFT,1.0,buy
703,SPX,1.0,buy
704,OEX,1.0,buy
705,DJX,1.0,buy
706,NDX,1.0,buy
707,CPQ,1.0,buy
708,INTC,1.0,buy
709,IBM,1.0,buy
710,AAPL,1.0,buy
711,GOOG,1.0,buy
712,MSFT,1.0,buy
713,SPX,1.0,buy
714,OEX,1.0,buy
715,DJX,1.0,buy
716,NDX,1.0,buy
717,CPQ,1.0,buy
718,INTC,1.0,buy
719,IBM,1.0,buy
720,AAPL,1.0,buy
721,GOOG,1.0,buy
722,MSFT,1.0,buy
723,SPX,1.0,buy
724,OEX,1.0,buy
725,DJX,1.0,buy
726,NDX,1.0,buy
727,CPQ,1.0,buy
728,INTC,1.0,buy
729,IBM,1.0,buy
730,AAPL,1.0,buy
731,GOOG,1.0,buy
732,MSFT,1.0,buy
733,SPX,1.0,buy
734,OEX,1.0,buy
735,DJX,1.0,buy
736,NDX,1.0,buy
737,CPQ,1.0,buy
738,INTC,1.0,buy
739,IBM,1.0,buy
740,AAPL,1.0,buy
741,GOOG,1.0,buy
742,MSFT,1.0,buy
743,SPX,1.0,buy
744,OEX,1.0,buy
745,DJX,1.0,buy
746,NDX,1.0,buy
747,CPQ,1.0,buy
748,INTC,1.0,buy
749,IBM,1.0,buy
750,AAPL,1.0,buy
751,GOOG,1.0,buy
752,MSFT,1.0,buy
753,SPX,1.0,buy
754,OEX,1.0,buy
755,DJX,1.0,buy
756,NDX,1.0,buy
757,CPQ,1.0,buy
758,INTC,1.0,buy
759,IBM,1.0,buy
760,AAPL,1.0,buy
761,GOOG,1.0,buy
762,MSFT,1.0,buy
763,SPX,1.0,buy
764,OEX,1.0,buy
765,DJX,1.0,buy
766,NDX,1.0,buy
767,CPQ,1.0,buy
768,INTC,1.0,buy
769,IBM,1.0,buy
770,AAPL,1.0,buy
771,GOOG,1.0,buy
772,MSFT,1.0,buy
773,SPX,1.0,buy
774,OEX,1.0,buy
775,DJX,1.0,buy
776,NDX,1.0,buy
777,CPQ,1.0,buy
778,INTC,1.0,buy
779,IBM,1.0,buy
780,AAPL,1.0,buy
781,GOOG,1.0,buy
782,MSFT,1.0,buy
783,SPX,1.0,buy
784,OEX,1.0,buy
785,DJX,1.0,buy
786,NDX,1.0,buy
787,CPQ,1.0,buy
788,INTC,1.0,buy
789,IBM,1.0,buy
790,AAPL,1.0,buy
791,GOOG,1.0,buy
792,MSFT,1.0,buy
793,SPX,1.0,buy
794,OEX,1.0,buy
795,DJX,1.0,buy
796,NDX,1.0,buy
797,CPQ,1.0,buy
798,INTC,1.0,buy
799,IBM,1.0,buy
800,AAPL,1.0,buy
801,GOOG,1.0,buy
802,MSFT,1.0,buy
803,SPX,1.0,buy
804,OEX,1.0,buy
805,DJX,1.0,buy
806,NDX,1.0,buy
807,CPQ,1.0,buy
808,INTC,1.0,buy
809,IBM,1.0,buy
810,AAPL,1.0,buy
811,GOOG,1.0,buy
812,MSFT,1.0,buy
813,SPX,1.0,buy
814,OEX,1.0,buy
815,DJX,1.0,buy
816,NDX,1.0,buy
817,CPQ,1.0,buy
818,INTC,1.0,buy
819,IBM,1.0,buy
820,AAPL,1.0,buy
821,GOOG,1.0,buy
822,MSFT,1.0,buy
823,SPX,1.0,buy
824,OEX,1.0,buy
825,DJX,1.0,buy
826,NDX,1.0,buy
827,CPQ,1.0,buy
828,INTC,1.0,buy
829,IBM,1.0,buy
830,AAPL,1.0,buy
831,GOOG,1.0,buy
832,MSFT,1.0,buy
833,SPX,1.0,buy
834,OEX,1.0,buy
835,DJX,1.0,buy
836,NDX,1.0,buy
837,CPQ,1.0,buy
838,INTC,1.0,buy
839,IBM,1.0,buy
840,AAPL,1.0,buy
841,GOOG,1.0,buy
842,MSFT,1.0,buy
843,SPX,1.0,buy
844,OEX,1.0,buy
845,DJX,1.0,buy
846,NDX,1.0,buy
847,CPQ,1.0,buy
848,INTC,1.0,buy
849,IBM,1.0,buy
850,AAPL,1.0,buy
851,GOOG,1.0,buy
852,MSFT,1.0,buy
853,SPX,1.0,buy
854,OEX,1.0,buy
855,DJX,1.0,buy
856,NDX,1.0,buy
857,CPQ,1.0,buy
858,INTC,1.0,buy
859,IBM,1.0,buy
860,AAPL,1.0,buy
861,GOOG,1.0,buy
862,MSFT,1.0,buy
863,SPX,1.0,buy
864,OEX,1.0,buy
865,DJX,1.0,buy
866,NDX,1.0,buy
867,CPQ,1.0,buy
868,INTC,1.0,buy
869,IBM,1.0,buy
870,AAPL,1.0,buy
871,GOOG,1.0,buy
872,MSFT,1.0,buy
873,SPX,1.0,buy
874,OEX,1.0,buy
875,DJX,1.0,buy
876,NDX,1.0,buy
877,CPQ,1.0,buy
878,INTC,1.0,buy
879,IBM,1.0,buy
880,AAPL,1.0,buy
881,GOOG,1.0,buy
882,MSFT,1.0,buy
883,SPX,1.0,buy
884,OEX,1.0,buy
885,DJX,1.0,buy
886,NDX,1.0,buy
887,CPQ,1.0,buy
888,INTC,1.0,buy
889,IBM,1.0,buy
890,AAPL,1.0,buy
891,GOOG,1.0,buy
892,MSFT,1.0,buy
893,SPX,1.0,buy
894,OEX,1.0,buy
895,DJX,1.0,buy
896,NDX,1.0,buy
897,CPQ,1.0,buy
898,INTC,1.0,buy
899,IBM,1.0,buy
900,AAPL,1.0,buy
901,GOOG,1.0,buy
902,MSFT,1.0,buy
903,SPX,1.0,buy
904,OEX,1.0,buy
905,DJX,1.0,buy
906,NDX,1.0,buy
907,CPQ,1.0,buy
908,INTC,1.0,buy
909,IBM,1.0,buy
910,AAPL,1.0,buy
911,GOOG,1.0,buy
912,MSFT,1.0,buy
913,SPX,1.0,buy
914,OEX,1.0,buy
915,DJX,1.0,buy
916,NDX,1.0,buy
917,CPQ,1.0,buy
918,INTC,1.0,buy
919,IBM,1.0,buy
920,AAPL,1.0,buy
921,GOOG,1.0,buy
922,MSFT,1.0,buy
923,SPX,1.0,buy
924,OEX,1.0,buy
925,DJX,1.0,buy
926,NDX,1.0,buy
927,CPQ,1.0,buy
928,INTC,1.0,buy
929,IBM,1.0,buy
930,AAPL,1.0,buy
931,GOOG,1.0,buy
932,MSFT,1.0,buy
933,SPX,1.0,buy
934,OEX,1.0,buy
935,DJX,1.0,buy
936,NDX,1.0,buy
937,CPQ,1.0,buy
938,INTC,1.0,buy
939,IBM,1.0,buy
940,AAPL,1.0,buy
941,GOOG,1.0,buy
942,MSFT,1.0,buy
943,SPX,1.0,buy
944,OEX,1.0,buy
945,DJX,1.0,buy
946,NDX,1.0,buy
947,CPQ,1.0,buy
948,INTC,1.0,buy
949,IBM,1.0,buy
950,AAPL,1.0,buy
951,GOOG,1.0,buy
952,MSFT,1.0,buy
953,SPX,1.0,buy
954,OEX,1.0,buy
955,DJX,1.0,buy
956,NDX,1.0,buy
957,CPQ,1.0,buy
958,INTC,1.0,buy
959,IBM,1.0,buy
960,AAPL,1.0,buy
961,GOOG,1.0,buy
962,MSFT,1.0,buy
963,SPX,1.0,buy
964,OEX,1.0,buy
965,DJX,1.0,buy
966,NDX,1.0,buy
967,CPQ,1.0,buy
968,INTC,1.0,buy
969,IBM,1.0,buy
970,AAPL,1.0,buy
971,GOOG,1.0,buy
972,MSFT,1.0,buy
973,SPX,1.0,buy
974,OEX,1.0,buy
975,DJX,1.0,buy
976,NDX,1.0,buy
977,CPQ,1.0,buy
978,INTC,1.0,buy
979,IBM,1.0,buy
980,AAPL,1.0,buy
981,GOOG,1.0,buy
982,MSFT,1.0,buy
983,SPX,1.0,buy
984,OEX,1.0,buy
985,DJX,1.0,buy
986,NDX,1.0,buy
987,CPQ,1.0,buy
988,INTC,1.0,buy
989,IBM,1.0,buy
990,AAPL,1.0,buy
991,GOOG,1.0,buy
992,MSFT,1.0,buy
993,SPX,1.0,buy
994,OEX,1.0,buy
995,DJX,1.0,buy
996,NDX,1.0,buy
997,CPQ,1.0,buy
998,INTC,1.0,buy
999,IBM,1.0,buy
1000,AAPL,1.0,buy
1001,GOOG,1.0,buy
1002,MSFT,1.0,buy
1003,SPX,1.0,buy
1004,OEX,1.0,buy
1005,DJX,1.0,buy
1006,NDX,1.0,buy
1007,CPQ,1.0,buy
1008,INTC,1.0,buy
1009,IBM,1.0,buy
1010,AAPL,1.0,buy
1011,GOOG,1.0,buy
1012,MSFT,1.0,buy
1013,SPX,1.0,buy
1014,OEX,1.0,buy
1015,DJX,1.0,buy
1016,NDX,1.0,buy
1017,CPQ,1.0,buy
1018,INTC,1.0,buy
1019,IBM,1.0,buy
1020,AAPL,1.0,buy
1021,GOOG,1.0,buy
1022,MSFT,1.0,buy
1023,SPX,1.0,buy
1024,OEX,1.0,buy
1025,DJX,1.0,buy
1026,NDX,1.0,buy
1027,CPQ,1.0,buy
1028,INTC,1.0,buy
1029,IBM,1.0,buy
1030,AAPL,1.0,buy
1031,GOOG,1.0,buy
1032,MSFT,1.0,buy
1033,SPX,1.0,buy
1034,OEX,1.0,buy
1035,DJX,1.0,buy
1036,NDX,1.0,buy
1037,CPQ,1.0,buy
1038,INTC,1.0,buy
1039,IBM,1.0,buy
1040,AAPL,1.0,buy
1041,GOOG,1.0,buy
1042,MSFT,1.0,buy
1043,SPX,1.0,buy
1044,OEX,1.0,buy
1045,DJX,1.0,buy
1046,NDX,1.0,buy
1047,CPQ,1.0,buy
1048,INTC,1.0,buy
1049,IBM,1.0,buy
1050,AAPL,1.0,buy
1051,GOOG,1.0,buy
1052,MSFT,1.0,buy
1053,SPX,1.0,buy
1054,OEX,1.0,buy
1055,DJX,1.0,buy
1056,NDX,1.0,buy
1057,CPQ,1.0,buy
1058,INTC,1.0,buy
1059,IBM,1.0,buy
1060,AAPL,1.0,buy
1061,GOOG,1.0,buy
1062,MSFT,1.0,buy
1063,SPX,1.0,buy
1064,OEX,1.0,buy
1065,DJX,1.0,buy
1066,NDX,1.0,buy
1067,CPQ,1.0,buy
1068,INTC,1.0,buy
1069,IBM,1.0,buy
1070,AAPL,1.0,buy
1071,GOOG,1.0,buy
1072,MSFT,1.0,buy
1073,SPX,1.0,buy
1074,OEX,1.0,buy
1075,DJX,1.0,buy
1076,NDX,1.0,buy
1077,CPQ,1.0,buy
1078,INTC,1.0,buy
1079,IBM,1.0,buy
1080,AAPL,1.0,buy
1081,GOOG,1.0,buy
1082,MSFT,1.0,buy
1083,SPX,1.0,buy
1084,OEX,1.0,buy
1085,DJX,1.0,buy
1086,NDX,1.0,buy
1087,CPQ,1.0,buy
1088,INTC,1.0,buy
1089,IBM,1.0,buy
1090,AAPL,1.0,buy
1091,GOOG,1.0,buy
1092,MSFT,1.0,buy
1093,SPX,1.0,buy
1094,OEX,1.0,buy
1095,DJX,1.0,buy
1096,NDX,1.0,buy
1097,CPQ,1.0,buy
1098,INTC,1.0,buy
1099,IBM,1.0,buy
1100,AAPL,1.0,buy
1101,GOOG,1.0,buy
1102,MSFT,1.0,buy
1103,SPX,1.0,buy
1104,OEX,1.0,buy
1105,DJX,1.0,buy
1106,NDX,1.0,buy
1107,CPQ,1.0,buy
1108,INTC,1.0,buy
1109,IBM,1.0,buy
1110,AAPL,1.0,buy
1111,GOOG,1.0,buy
1112,MSFT,1.0,buy
1113,SPX,1.0,buy
1114,OEX,1.0,buy
1115,DJX,1.0,buy
1116,NDX,1.0,buy
1117,CPQ,1.0,buy
1118,INTC,1.0,buy
1119,IBM,1.0,buy
1120,AAPL,1.0,buy
1121,GOOG,1.0,buy
1122,MSFT,1.0,buy
1123,SPX,1.0,buy
1124,OEX,1.0,buy
1125,DJX,1.0,buy
1126,NDX,1.0,buy
1127,CPQ,1.0,buy
1128,INTC,1.0,buy
1129,IBM,1.0,buy
1130,AAPL,1.0,buy
1131,GOOG,1.0,buy
1132,MSFT,1.0,buy
1133,SPX,1.0,buy
1134,OEX,1.0,buy
1135,DJX,1.0,buy
1136,NDX,1.0,buy
1137,CPQ,1.0,buy
1138,INTC,1.0,buy
1139,IBM,1.0,buy
1140,AAPL,1.0,buy
1141,GOOG,1.0,buy
1142,MSFT,1.0,buy
1143,SPX,1.0,buy
1144,OEX,1.0,buy
1145,DJX,1.0,buy
1146,NDX,1.0,buy
1147,CPQ,1.0,buy
1148,INTC,1.0,buy
1149,IBM,1.0,buy
1150,AAPL,1.0,buy
1151,GOOG,1.0,buy
1152,MSFT,1.0,buy
1153,SPX,1.0,buy
1154,OEX,1.0,buy
1155,DJX,1.0,buy
1156,NDX,1.0,buy
1157,CPQ,1.0,buy
1158,INTC,1.0,buy
1159,IBM,1.0,buy
1160,AAPL,1.0,buy
1161,GOOG,1.0,buy
1162,MSFT,1.0,buy
1163,SPX,1.0,buy
1164,OEX,1.0,buy
1165,DJX,1.0,buy
1166,NDX,1.0,buy
1167,CPQ,1.0,buy
1168,INTC,1.0,buy
1169,IBM,1.0,buy
1170,AAPL,1.0,buy
1171,GOOG,1.0,buy
1172,MSFT,1.0,buy
1173,SPX,1.0,buy
1174,OEX,1.0,buy
1175,DJX,1.0,buy
1176,NDX,1.0,buy
1177,CPQ,1.0,buy
1178,INTC,1.0,buy
1179,IBM,1.0,buy
1180,AAPL,1.0,buy
1181,GOOG,1.0,buy
1182,MSFT,1.0,buy
1183,SPX,1.0,buy
1184,OEX,1.0,buy
1185,DJX,1.0,buy
1186,NDX,1.0,buy
1187,CPQ,1.0,buy
1188,INTC,1.0,buy
1189,IBM,1.0,buy
1190,AAPL,1.0,buy
1191,GOOG,1.0,buy
1192,MSFT,1.0,buy
1193,SPX,1.0,buy
1194,OEX,1.0,buy
1195,DJX,1.0,buy
1196,NDX,1.0,buy
1197,CPQ,1.0,buy
1198,INTC,1.0,buy
1199,IBM,1.0,buy
1200,AAPL,1.0,buy
1201,GOOG,1.0,buy
1202,MSFT,1.0,buy
1203,SPX,1.0,buy
1204,OEX,1.0,buy
1205,DJX,1.0,buy
1206,NDX,1.0,buy
1207,CPQ,1.0,buy
1208,INTC,1.0,buy
1209,IBM,1.0,buy
1210,AAPL,1.0,buy
1211,GOOG,1.0,buy
1212,MSFT,1.0,buy
1213,SPX,1.0,buy
1214,OEX,1.0,buy
1215,DJX,1.0,buy
1216,NDX,1.0,buy
1217,CPQ,1.0,buy
1218,INTC,1.0,buy
1219,IBM,1.0,buy
1220,AAPL,1.0,buy
1221,GOOG,1.0,buy
1222,MSFT,1.0,buy
1223,SPX,1.0,buy
1224,OEX,1.0,buy
1225,DJX,1.0,buy
1226,NDX,1.0,buy
1227,CPQ,1.0,buy
1228,INTC,1.0,buy
1229,IBM,1.0,buy
1230,AAPL,1.0,buy
1231,GOOG,1.0,buy
1232,MSFT,1.0,buy
1233,SPX,1.0,buy
1234,OEX,1.0,buy
1235,DJX,1.0,buy
1236,NDX,1.0,buy
1237,CPQ,1.0,buy
1238,INTC,1.0,buy
1239,IBM,1.0,buy
1240,AAPL,1.0,buy
1241,GOOG,1.0,buy
1242,MSFT,1.0,buy
1243,SPX,1.0,buy
1244,OEX,1.0,buy
1245,DJX,1.0,buy
1246,NDX,1.0,buy
1247,CPQ,1.0,buy
1248,INTC,1.0,buy
1249,IBM,1.0,buy
1250,AAPL,1.0,buy
1251,GOOG,1.0,buy
1252,MSFT,1.0,buy
1253,SPX,1.0,buy
1254,OEX,1.0,buy
1255,DJX,1.0,buy
1256,NDX,1.0,buy
1257,CPQ,1.0,buy
1258,INTC,1.0,buy
1259,IBM,1.0,buy
1260,AAPL,1.0,buy
1261,GOOG,1.0,buy
1262,MSFT,1.0,buy
1263,SPX,1.0,buy
1264,OEX,1.0,buy
1265,DJX,1.0,buy
1266,NDX,1.0,buy
1267,CPQ,1.0,buy
1268,INTC,1.0,buy
1269,IBM,1.0,buy
1270,AAPL,1.0,buy
1271,GOOG,1.0,buy
1272,MSFT,1.0,buy
1273,SPX,1.0,buy
1274,OEX,1.0,buy
1275,DJX,1.0,buy
1276,NDX,1.0,buy
1277,CPQ,1.0,buy
1278,INTC,1.0,buy
1279,IBM,1.0,buy
1280,AAPL,1.0,buy
1281,GOOG,1.0,buy
1282,MSFT,1.0,buy
1283,SPX,1.0,buy
1284,OEX,1.0,buy
1285,DJX,1.0,buy
1286,NDX,1.0,buy
1287,CPQ,1.0,buy
1288,INTC,1.0,buy
1289,IBM,1.0,buy
1290,AAPL,1.0,buy
1291,GOOG,1.0,buy
1292,MSFT,1.0,buy
1293,SPX,1.0,buy
1294,OEX,1.0,buy
1295,DJX,1.0,buy
1296,NDX,1.0,buy
1297,CPQ,1.0,buy
1298,INTC,1.0,buy
1299,IBM,1.0,buy
1300,AAPL,1.0,buy
1301,GOOG,1.0,buy
1302,MSFT,1.0,buy
1303,SPX,1.0,buy
1304,OEX,1.0,buy
1305,DJX,1.0,buy
1306,NDX,1.0,buy
1307,CPQ,1.0,buy
1308,INTC,1.0,buy
1309,IBM,1.0,buy
1310,AAPL,1.0,buy
1311,GOOG,1.0,buy
1312,MSFT,1.0,buy
1313,SPX,1.0,buy
1314,OEX,1.0,buy
1315,DJX,1.0,buy
1316,NDX,1.0,buy
1317,CPQ,1.0,buy
1318,INTC,1.0,buy
1319,IBM,1.0,buy
1320,AAPL,1.0,buy
1321,GOOG,1.0,buy
1322,MSFT,1.0,buy
1323,SPX,1.0,buy
1324,OEX,1.0,buy
1325,DJX,1.0,buy
1326,NDX,1.0,buy
1327,CPQ,1.0,buy
1328,INTC,1.0,buy
1329,IBM,1.0,buy
1330,AAPL,1.0,buy
1331,GOOG,1.0,buy
1332,MSFT,1.0,buy
1333,SPX,1.0,buy
1334,OEX,1.0,buy
1335,DJX,1.0,buy
1336,NDX,1.0,buy
1337,CPQ,1.0,buy
1338,INTC,1.0,buy
1339,IBM,1.0,buy
1340,AAPL,1.0,buy
1341,GOOG,1.0,buy
1342,MSFT,1.0,buy
1343,SPX,1.0,buy
1344,OEX,1.0,buy
1345,DJX,1.0,buy
1346,NDX,1.0,buy
1347,CPQ,1.0,buy
1348,INTC,1.0,buy
1349,IBM,1.0,buy
1350,AAPL,1.0,buy
1351,GOOG,1.0,buy
1352,MSFT,1.0,buy
1353,SPX,1.0,buy
1354,OEX,1.0,buy
1355,DJX,1.0,buy
1356,NDX,1.0,buy
1357,CPQ,1.0,buy
1358,INTC,1.0,buy
1359,IBM,1.0,buy
1360,AAPL,1.0,buy
1361,GOOG,1.0,buy
1362,MSFT,1.0,buy
1363,SPX,1.0,buy
1364,OEX,1.0,buy
1365,DJX,1.0,buy
1366,NDX,1.0,buy
1367,CPQ,1.0,buy
1368,INTC,1.0,buy
1369,IBM,1.0,buy
1370,AAPL,1.0,buy
1371,GOOG,1.0,buy
1372,MSFT,1.0,buy
1373,SPX,1.0,buy
1374,OEX,1.0,buy
1375,DJX,1.0,buy
1376,NDX,1.0,buy
1377,CPQ,1.0,buy
1378,INTC,1.0,buy
1379,IBM,1.0,buy
1380,AAPL,1.0,buy
1381,GOOG,1.0,buy
1382,MSFT,1.0,buy
1383,SPX,1.0,buy
1384,OEX,1.0,buy
1385,DJX,1.0,buy
1386,NDX,1.0,buy
1387,CPQ,1.0,buy
1388,INTC,1.0,buy
1389,IBM,1.0,buy
1390,AAPL,1.0,buy
1391,GOOG,1.0,buy
1392,MSFT,1.0,buy
1393,SPX,1.0,buy
1394,OEX,1.0,buy
1395,DJX,1.0,buy
1396,NDX,1.0,buy
1397,CPQ,1.0,buy
1398,INTC,1.0,buy
1399,IBM,1.0,buy
1400,AAPL,1.0,sell
1401,AAPL,1.0,buy
1402,MSFT,1.0,sell
1403,MSFT,1.0,buy
1404,AAPL,1.0,sell
1405,AAPL,1.0,buy
1406,MSFT,1.0,sell
1407,MSFT,1.0,buy
1408,AAPL,1.0,sell
1409,AAPL,1.0,buy
1410,MSFT,1.0,sell
1411,MSFT,1.0,buy
1412,AAPL,1.0,sell
1413,AAPL,1.0,buy
1414,MSFT,1.0,sell
1415,MSFT,1.0,buy
1416,AAPL,1.0,sell
1417,AAPL,1.0,buy
1418,MSFT,1.0,sell
1419,MSFT,1.0,buy
1420,AAPL,1.0,sell
1421,AAPL,1.0,buy
1422,MSFT,1.0,sell
1423,MSFT,1.0,buy
1424,AAPL,1.0,sell
1425,AAPL,1.0,buy
1426,MSFT,1.0,sell
1427,MSFT,1.0,buy
1428,AAPL,1.0,sell
1429,AAPL,1.0,buy
1430,MSFT,1.0,sell
1431,MSFT,1.0,buy
1432,AAPL,1.0,sell
1433,AAPL,1.0,buy
1434,MSFT,1.0,sell
1435,MSFT,1.0,buy
1436,AAPL,1.0,sell
1437,AAPL,1.0,buy
1438,MSFT,1.0,sell
1439,MSFT,1.0,buy
1440,AAPL,1.0,sell
1441,AAPL,1.0,buy
1442,MSFT,1.0,sell
1443,MSFT,1.0,buy
1444,AAPL,1.0,sell
1445,AAPL,1.0,buy
1446,MSFT,1.0,sell
1447,MSFT,1.0,buy
1448,AAPL,1.0,sell
1449,AAPL,1.0,buy
1450,MSFT,1.0,sell
1451,MSFT,1.0,buy
1452,AAPL,1.0,sell
1453,AAPL,1.0,buy
1454,MSFT,1.0,sell
1455,MSFT,1.0,buy
1456,AAPL,1.0,sell
1457,AAPL,1.0,buy
1458,MSFT,1.0,sell
1459,MSFT,1.0,buy
1460,AAPL,1.0,sell
1461,AAPL,1.0,buy
1462,MSFT,1.0,sell
1463,MSFT,1.0,buy
1464,AAPL,1.0,sell
1465,AAPL,1.0,buy
1466,MSFT,1.0,sell
1467,MSFT,1.0,buy
1468,AAPL,1.0,sell
1469,AAPL,1.0,buy
1470,MSFT,1.0,sell
1471,MSFT,1.0,buy
1472,AAPL,1.0,sell
1473,AAPL,1.0,buy
1474,MSFT,1.0,sell
1475,MSFT,1.0,buy
1476,AAPL,1.0,sell
1477,AAPL,1.0,buy
1478,MSFT,1.0,sell
1479,MSFT,1.0,buy
1480,AAPL,1.0,sell
1481,AAPL,1.0,buy
1482,MSFT,1.0,sell
1483,MSFT,1.0,buy
1484,AAPL,1.0,sell
1485,AAPL,1.0,buy
1486,MSFT,1.0,sell
1487,MSFT,1.0,buy
1488,AAPL,1.0,sell
1489,AAPL,1.0,buy
1490,MSFT,1.0,sell
1491,MSFT,1.0,buy
1492,AAPL,1.0,sell
1493,AAPL,1.0,buy
1494,MSFT,1.0,sell
1495,MSFT,1.0,buy
1496,AAPL,1.0,sell
1497,AAPL,1.0,buy
1498,MSFT,1.0,sell
1499,MSFT,1.0,buy
1500,AAPL,1.0,sell
1501,AAPL,1.0,buy
1502,MSFT,1.0,sell
1503,MSFT,1.0,buy
1504,AAPL,1.0,sell
1505,AAPL,1.0,buy
1506,MSFT,1.0,sell
1507,MSFT,1.0,buy
1508,AAPL,1.0,sell
1509,AAPL,1.0,buy
1510,MSFT,1.0,sell
1511,MSFT,1.0,buy
1512,AAPL,1.0,sell
1513,AAPL,1.0,buy
1514,MSFT,1.0,sell
1515,MSFT,1.0,buy
1516,AAPL,1.0,sell
1517,AAPL,1.0,buy
1518,MSFT,1.0,sell
1519,MSFT,1.0,buy
1520,AAPL,1.0,sell
1521,AAPL,1.0,buy
1522,MSFT,1.0,sell
1523,MSFT,1.0,buy
1524,AAPL,1.0,sell
1525,AAPL,1.0,buy
1526,MSFT,1.0,sell
1527,MSFT,1.0,buy
1528,AAPL,1.0,sell
1529,AAPL,1.0,buy
1530,MSFT,1.0,sell
1531,MSFT,1.0,buy
1532,AAPL,1.0,sell
1533,AAPL,1.0,buy
1534,MSFT,1.0,sell
1535,MSFT,1.0,buy
1536,AAPL,1.0,sell
1537,AAPL,1.0,buy
1538,MSFT,1.0,sell
1539,MSFT,1.0,buy
1540,AAPL,1.0,sell
1541,AAPL,1.0,buy
1542,MSFT,1.0,sell
1543,MSFT,1.0,buy
1544,AAPL,1.0,sell
1545,AAPL,1.0,buy
1546,MSFT,1.0,sell
1547,MSFT,1.0,buy
1548,AAPL,1.0,sell
1549,AAPL,1.0,buy
1550,MSFT,1.0,sell
1551,MSFT,1.0,buy
1552,AAPL,1.0,sell
1553,AAPL,1.0,buy
1554,MSFT,1.0,sell
1555,MSFT,1.0,buy
1556,AAPL,1.0,sell
1557,AAPL,1.0,buy
1558,MSFT,1.0,sell
1559,MSFT,1.0,buy
1560,AAPL,1.0,sell
1561,AAPL,1.0,buy
1562,MSFT,1.0,sell
1563,MSFT,1.0,buy
1564,AAPL,1.0,sell
1565,AAPL,1.0,buy
1566,MSFT,1.0,sell
1567,MSFT,1.0,buy
1568,AAPL,1.0,sell
1569,AAPL,1.0,buy
1570,MSFT,1.0,sell
1571,MSFT,1.0,buy
1572,AAPL,1.0,sell
1573,AAPL,1.0,buy
1574,MSFT,1.0,sell
1575,MSFT,1.0,buy
1576,AAPL,1.0,sell
1577,AAPL,1.0,buy
1578,MSFT,1.0,sell
1579,MSFT,1.0,buy
1580,AAPL,1.0,sell
1581,AAPL,1.0,buy
1582,MSFT,1.0,sell
1583,MSFT,1.0,buy
1584,AAPL,1.0,sell
1585,AAPL,1.0,buy
1586,MSFT,1.0,sell
1587,MSFT,1.0,buy
1588,AAPL,1.0,sell
1589,AAPL,1.0,buy
1590,MSFT,1.0,sell
1591,MSFT,1.0,buy
1592,AAPL,1.0,sell
1593,AAPL,1.0,buy
1594,MSFT,1.0,sell
1595,MSFT,1.0,buy
1596,AAPL,1.0,sell
1597,AAPL,1.0,buy
1598,MSFT,1.0,sell
1599,MSFT,1.0,buy
1600,AAPL,1.0,sell
1601,AAPL,1.0,buy
1602,MSFT,1.0,sell
1603,MSFT,1.0,buy
1604,AAPL,1.0,sell
1605,AAPL,1.0,buy
1606,MSFT,1.0,sell
1607,MSFT,1.0,buy
1608,AAPL,1.0,sell
1609,AAPL,1.0,buy
1610,MSFT,1.0,sell
1611,MSFT,1.0,buy
1612,AAPL,1.0,sell
1613,AAPL,1.0,buy
1614,MSFT,1.0,sell
1615,MSFT,1.0,buy
1616,AAPL,1.0,sell
1617,AAPL,1.0,buy
1618,MSFT,1.0,sell
1619,MSFT,1.0,buy
1620,AAPL,1.0,sell
1621,AAPL,1.0,buy
1622,MSFT,1.0,sell
1623,MSFT,1.0,buy
1624,AAPL,1.0,sell
1625,AAPL,1.0,buy
1626,MSFT,1.0,sell
1627,MSFT,1.0,buy
1628,AAPL,1.0,sell
1629,AAPL,1.0,buy
1630,MSFT,1.0,sell
1631,MSFT,1.0,buy
1632,AAPL,1.0,sell
1633,AAPL,1.0,buy
1634,MSFT,1.0,sell
1635,MSFT,1.0,buy
1636,AAPL,1.0,sell
1637,AAPL,1.0,buy
1638,MSFT,1.0,sell
1639,MSFT,1.0,buy
1640,AAPL,1.0,sell
1641,AAPL,1.0,buy
1642,MSFT,1.0,sell
1643,MSFT,1.0,buy
1644,AAPL,1.0,sell
1645,AAPL,1.0,buy
1646,MSFT,1.0,sell
1647,MSFT,1.0,buy
1648,AAPL,1.0,sell
1649,AAPL,1.0,buy
1650,MSFT,1.0,sell
1651,MSFT,1.0,buy
1652,AAPL,1.0,sell
1653,AAPL,1.0,buy
1654,MSFT,1.0,sell
1655,MSFT,1.0,buy
1656,AAPL,1.0,sell
1657,AAPL,1.0,buy
1658,MSFT,1.0,sell
1659,MSFT,1.0,buy
1660,AAPL,1.0,sell
1661,AAPL,1.0,buy
1662,MSFT,1.0,sell
1663,MSFT,1.0,buy
1664,AAPL,1.0,sell
1665,AAPL,1.0,buy
1666,MSFT,1.0,sell
1667,MSFT,1.0,buy
1668,AAPL,1.0,sell
1669,AAPL,1.0,buy
1670,MSFT,1.0,sell
1671,MSFT,1.0,buy
1672,AAPL,1.0,sell
1673,AAPL,1.0,buy
1674,MSFT,1.0,sell
1675,MSFT,1.0,buy
1676,AAPL,1.0,sell
1677,AAPL,1.0,buy
1678,MSFT,1.0,sell
1679,MSFT,1.0,buy
1680,AAPL,1.0,sell
1681,AAPL,1.0,buy
1682,MSFT,1.0,sell
1683,MSFT,1.0,buy
1684,AAPL,1.0,sell
1685,AAPL,1.0,buy
1686,MSFT,1.0,sell
1687,MSFT,1.0,buy
1688,AAPL,1.0,sell
1689,AAPL,1.0,buy
1690,MSFT,1.0,sell
1691,MSFT,1.0,buy
1692,AAPL,1.0,sell
1693,AAPL,1.0,buy
1694,MSFT,1.0,sell
1695,MSFT,1.0,buy
1696,AAPL,1.0,sell
1697,AAPL,1.0,buy
1698,MSFT,1.0,sell
1699,MSFT,1.0,buy
1700,AAPL,1.0,sell
1701,AAPL,1.0,buy
1702,MSFT,1.0,sell
1703,MSFT,1.0,buy
1704,AAPL,1.0,sell
1705,AAPL,1.0,buy
1706,MSFT,1.0,sell
1707,MSFT,1.0,buy
1708,AAPL,1.0,sell
1709,AAPL,1.0,buy
1710,MSFT,1.0,sell
1711,MSFT,1.0,buy
1712,AAPL,1.0,sell
1713,AAPL,1.0,buy
1714,MSFT,1.0,sell
1715,MSFT,1.0,buy
1716,AAPL,1.0,sell
1717,AAPL,1.0,buy
1718,MSFT,1.0,sell
1719,MSFT,1.0,buy
1720,AAPL,1.0,sell
1721,AAPL,1.0,buy
1722,MSFT,1.0,sell
1723,MSFT,1.0,buy
1724,AAPL,1.0,sell
1725,AAPL,1.0,buy
1726,MSFT,1.0,sell
1727,MSFT,1.0,buy
1728,AAPL,1.0,sell
1729,AAPL,1.0,buy
1730,MSFT,1.0,sell
1731,MSFT,1.0,buy
1732,AAPL,1.0,sell
1733,AAPL,1.0,buy
1734,MSFT,1.0,sell
1735,MSFT,1.0,buy
1736,AAPL,1.0,sell
1737,AAPL,1.0,buy
1738,MSFT,1.0,sell
1739,MSFT,1.0,buy
1740,AAPL,1.0,sell
1741,AAPL,1.0,buy
1742,MSFT,1.0,sell
1743,MSFT,1.0,buy
1744,AAPL,1.0,sell
1745,AAPL,1.0,buy
1746,MSFT,1.0,sell
1747,MSFT,1.0,buy
1748,AAPL,1.0,sell
1749,AAPL,1.0,buy
1750,MSFT,1.0,sell
1751,MSFT,1.0,buy
1752,AAPL,1.0,sell
1753,AAPL,1.0,buy
1754,MSFT,1.0,sell
1755,MSFT,1.0,buy
1756,AAPL,1.0,sell
1757,AAPL,1.0,buy
1758,MSFT,1.0,sell
1759,MSFT,1.0,buy
1760,AAPL,1.0,sell
1761,AAPL,1.0,buy
1762,MSFT,1.0,sell
1763,MSFT,1.0,buy
1764,AAPL,1.0,sell
1765,AAPL,1.0,buy
1766,MSFT,1.0,sell
1767,MSFT,1.0,buy
1768,AAPL,1.0,sell
1769,AAPL,1.0,buy
1770,MSFT,1.0,sell
1771,MSFT,1.0,buy
1772,AAPL,1.0,sell
1773,AAPL,1.0,buy
1774,MSFT,1.0,sell
1775,MSFT,1.0,buy
1776,AAPL,1.0,sell
1777,AAPL,1.0,buy
1778,MSFT,1.0,sell
1779,MSFT,1.0,buy
1780,AAPL,1.0,sell
1781,AAPL,1.0,buy
1782,MSFT,1.0,sell
1783,MSFT,1.0,buy
1784,AAPL,1.0,sell
1785,AAPL,1.0,buy
1786,MSFT,1.0,sell
1787,MSFT,1.0,buy
1788,AAPL,1.0,sell
1789,AAPL,1.0,buy
1790,MSFT,1.0,sell
1791,MSFT,1.0,buy
1792,AAPL,1.0,sell
1793,AAPL,1.0,buy
1794,MSFT,1.0,sell
1795,MSFT,1.0,buy
1796,AAPL,1.0,sell
1797,AAPL,1.0,buy
1798,MSFT,1.0,sell
1799,MSFT,1.0,buy
1800,AAPL,1.0,buy
1801,GOOG,1.0,buy
1802,MSFT,1.0,buy
1803,SPX,1.0,buy
1804,OEX,1.0,buy
1805,DJX,1.0,buy
1806,NDX,1.0,buy
1807,CPQ,1.0,buy
1808,INTC,1.0,buy
1809,IBM,1.0,buy
1810,AAPL,1.0,buy
1811,GOOG,1.0,buy
1812,MSFT,1.0,buy
1813,SPX,1.0,buy
1814,OEX,1.0,buy
1815,DJX,1.0,buy
1816,NDX,1.0,buy
1817,CPQ,1.0,buy
1818,INTC,1.0,buy
1819,IBM,1.0,buy
1820,AAPL,1.0,buy
1821,GOOG,1.0,buy
1822,MSFT,1.0,buy
1823,SPX,1.0,buy
1824,OEX,1.0,buy
1825,DJX,1.0,buy
1826,NDX,1.0,buy
1827,CPQ,1.0,buy
1828,INTC,1.0,buy
1829,IBM,1.0,buy
1830,AAPL,1.0,buy
1831,GOOG,1.0,buy
1832,MSFT,1.0,buy
1833,SPX,1.0,buy
1834,OEX,1.0,buy
1835,DJX,1.0,buy
1836,NDX,1.0,buy
1837,CPQ,1.0,buy
1838,INTC,1.0,buy
1839,IBM,1.0,buy
1840,AAPL,1.0,buy
1841,GOOG,1.0,buy
1842,MSFT,1.0,buy
1843,SPX,1.0,buy
1844,OEX,1.0,buy
1845,DJX,1.0,buy
1846,NDX,1.0,buy
1847,CPQ,1.0,buy
1848,INTC,1.0,buy
1849,IBM,1.0,buy
1850,AAPL,1.0,buy
1851,GOOG,1.0,buy
1852,MSFT,1.0,buy
1853,SPX,1.0,buy
1854,OEX,1.0,buy
1855,DJX,1.0,buy
1856,NDX,1.0,buy
1857,CPQ,1.0,buy
1858,INTC,1.0,buy
1859,IBM,1.0,buy
1860,AAPL,1.0,buy
1861,GOOG,1.0,buy
1862,MSFT,1.0,buy
1863,SPX,1.0,buy
1864,OEX,1.0,buy
1865,DJX,1.0,buy
1866,NDX,1.0,buy
1867,CPQ,1.0,buy
1868,INTC,1.0,buy
1869,IBM,1.0,buy
1870,AAPL,1.0,buy
1871,GOOG,1.0,buy
1872,MSFT,1.0,buy
1873,SPX,1.0,buy
1874,OEX,1.0,buy
1875,DJX,1.0,buy
1876,NDX,1.0,buy
1877,CPQ,1.0,buy
1878,INTC,1.0,buy
1879,IBM,1.0,buy
1880,AAPL,1.0,buy
1881,GOOG,1.0,buy
1882,MSFT,1.0,buy
1883,SPX,1.0,buy
1884,OEX,1.0,buy
1885,DJX,1.0,buy
1886,NDX,1.0,buy
1887,CPQ,1.0,buy
1888,INTC,1.0,buy
1889,IBM,1.0,buy
1890,AAPL,1.0,buy
1891,GOOG,1.0,buy
1892,MSFT,1.0,buy
1893,SPX,1.0,buy
1894,OEX,1.0,buy
1895,DJX,1.0,buy
1896,NDX,1.0,buy
1897,CPQ,1.0,buy
1898,INTC,1.0,buy
1899,IBM,1.0,buy
1900,AAPL,1.0,buy
1901,GOOG,1.0,buy
1902,MSFT,1.0,buy
1903,SPX,1.0,buy
1904,OEX,1.0,buy
1905,DJX,1.0,buy
1906,NDX,1.0,buy
1907,CPQ,1.0,buy
1908,INTC,1.0,buy
1909,IBM,1.0,buy
1910,AAPL,1.0,buy
1911,GOOG,1.0,buy
1912,MSFT,1.0,buy
1913,SPX,1.0,buy
1914,OEX,1.0,buy
1915,DJX,1.0,buy
1916,NDX,1.0,buy
1917,CPQ,1.0,buy
1918,INTC,1.0,buy
1919,IBM,1.0,buy
1920,AAPL,1.0,buy
1921,GOOG,1.0,buy
1922,MSFT,1.0,buy
1923,SPX,1.0,buy
1924,OEX,1.0,buy
1925,DJX,1.0,buy
1926,NDX,1.0,buy
1927,CPQ,1.0,buy
1928,INTC,1.0,buy
1929,IBM,1.0,buy
1930,AAPL,1.0,buy
1931,GOOG,1.0,buy
1932,MSFT,1.0,buy
1933,SPX,1.0,buy
1934,OEX,1.0,buy
1935,DJX,1.0,buy
1936,NDX,1.0,buy
1937,CPQ,1.0,buy
1938,INTC,1.0,buy
1939,IBM,1.0,buy
1940,AAPL,1.0,buy
1941,GOOG,1.0,buy
1942,MSFT,1.0,buy
1943,SPX,1.0,buy
1944,OEX,1.0,buy
1945,DJX,1.0,buy
1946,NDX,1.0,buy
1947,CPQ,1.0,buy
1948,INTC,1.0,buy
1949,IBM,1.0,buy
1950,AAPL,1.0,buy
1951,GOOG,1.0,buy
1952,MSFT,1.0,buy
1953,SPX,1.0,buy
1954,OEX,1.0,buy
1955,DJX,1.0,buy
1956,NDX,1.0,buy
1957,CPQ,1.0,buy
1958,INTC,1.0,buy
1959,IBM,1.0,buy
1960,AAPL,1.0,buy
1961,GOOG,1.0,buy
1962,MSFT,1.0,buy
1963,SPX,1.0,buy
1964,OEX,1.0,buy
1965,DJX,1.0,buy
1966,NDX,1.0,buy
1967,CPQ,1.0,buy
1968,INTC,1.0,buy
1969,IBM,1.0,buy
1970,AAPL,1.0,buy
1971,GOOG,1.0,buy
1972,MSFT,1.0,buy
1973,SPX,1.0,buy
1974,OEX,1.0,buy
1975,DJX,1.0,buy
1976,NDX,1.0,buy
1977,CPQ,1.0,buy
1978,INTC,1.0,buy
1979,IBM,1.0,buy
1980,AAPL,1.0,buy
1981,GOOG,1.0,buy
1982,MSFT,1.0,buy
1983,SPX,1.0,buy
1984,OEX,1.0,buy
1985,DJX,1.0,buy
1986,NDX,1.0,buy
1987,CPQ,1.0,buy
1988,INTC,1.0,buy
1989,IBM,1.0,buy
1990,AAPL,1.0,buy
1991,GOOG,1.0,buy
1992,MSFT,1.0,buy
1993,SPX,1.0,buy
1994,OEX,1.0,buy
1995,DJX,1.0,buy
1996,NDX,1.0,buy
1997,CPQ,1.0,buy
1998,INTC,1.0,buy
1999,IBM,1.0,buy
2000,AAPL,1.0,buy
2001,GOOG,1.0,buy
2002,MSFT,1.0,buy
2003,SPX,1.0,buy
2004,OEX,1.0,buy
2005,DJX,1.0,buy
2006,NDX,1.0,buy
2007,CPQ,1.0,buy
2008,INTC,1.0,buy
2009,IBM,1.0,buy
2010,AAPL,1.0,buy
2011,GOOG,1.0,buy
2012,MSFT,1.0,buy
2013,SPX,1.0,buy
2014,OEX,1.0,buy
2015,DJX,1.0,buy
2016,NDX,1.0,buy
2017,CPQ,1.0,buy
2018,INTC,1.0,buy
2019,IBM,1.0,buy
2020,AAPL,1.0,buy
2021,GOOG,1.0,buy
2022,MSFT,1.0,buy
2023,SPX,1.0,buy
2024,OEX,1.0,buy
2025,DJX,1.0,buy
2026,NDX,1.0,buy
2027,CPQ,1.0,buy
2028,INTC,1.0,buy
2029,IBM,1.0,buy
2030,AAPL,1.0,buy
2031,GOOG,1.0,buy
2032,MSFT,1.0,buy
2033,SPX,1.0,buy
2034,OEX,1.0,buy
2035,DJX,1.0,buy
2036,NDX,1.0,buy
2037,CPQ,1.0,buy
2038,INTC,1.0,buy
2039,IBM,1.0,buy
2040,AAPL,1.0,buy
2041,GOOG,1.0,buy
2042,MSFT,1.0,buy
2043,SPX,1.0,buy
2044,OEX,1.0,buy
2045,DJX,1.0,buy
2046,NDX,1.0,buy
2047,CPQ,1.0,buy
2048,INTC,1.0,buy
2049,IBM,1.0,buy
2050,AAPL,1.0,buy
2051,GOOG,1.0,buy
2052,MSFT,1.0,buy
2053,SPX,1.0,buy
2054,OEX,1.0,buy
2055,DJX,1.0,buy
2056,NDX,1.0,buy
2057,CPQ,1.0,buy
2058,INTC,1.0,buy
2059,IBM,1.0,buy
2060,AAPL,1.0,buy
2061,GOOG,1.0,buy
2062,MSFT,1.0,buy
2063,SPX,1.0,buy
2064,OEX,1.0,buy
2065,DJX,1.0,buy
2066,NDX,1.0,buy
2067,CPQ,1.0,buy
2068,INTC,1.0,buy
2069,IBM,1.0,buy
2070,AAPL,1.0,buy
2071,GOOG,1.0,buy
2072,MSFT,1.0,buy
2073,SPX,1.0,buy
2074,OEX,1.0,buy
2075,DJX,1.0,buy
2076,NDX,1.0,buy
2077,CPQ,1.0,buy
2078,INTC,1.0,buy
2079,IBM,1.0,buy
2080,AAPL,1.0,buy
2081,GOOG,1.0,buy
2082,MSFT,1.0,buy
2083,SPX,1.0,buy
2084,OEX,1.0,buy
2085,DJX,1.0,buy
2086,NDX,1.0,buy
2087,CPQ,1.0,buy
2088,INTC,1.0,buy
2089,IBM,1.0,buy
2090,AAPL,1.0,buy
2091,GOOG,1.0,buy
2092,MSFT,1.0,buy
2093,SPX,1.0,buy
2094,OEX,1.0,buy
2095,DJX,1.0,buy
2096,NDX,1.0,buy
2097,CPQ,1.0,buy
2098,INTC,1.0,buy
2099,IBM,1.0,buy
2100,AAPL,1.0,buy
2101,GOOG,1.0,buy
2102,MSFT,1.0,buy
2103,SPX,1.0,buy
2104,OEX,1.0,buy
2105,DJX,1.0,buy
2106,NDX,1.0,buy
2107,CPQ,1.0,buy
2108,INTC,1.0,buy
2109,IBM,1.0,buy
2110,AAPL,1.0,buy
2111,GOOG,1.0,buy
2112,MSFT,1.0,buy
2113,SPX,1.0,buy
2114,OEX,1.0,buy
2115,DJX,1.0,buy
2116,NDX,1.0,buy
2117,CPQ,1.0,buy
2118,INTC,1.0,buy
2119,IBM,1.0,buy
2120,AAPL,1.0,buy
2121,GOOG,1.0,buy
2122,MSFT,1.0,buy
2123,SPX,1.0,buy
2124,OEX,1.0,buy
2125,DJX,1.0,buy
2126,NDX,1.0,buy
2127,CPQ,1.0,buy
2128,INTC,1.0,buy
2129,IBM,1.0,buy
2130,AAPL,1.0,buy
2131,GOOG,1.0,buy
2132,MSFT,1.0,buy
2133,SPX,1.0,buy
2134,OEX,1.0,buy
2135,DJX,1.0,buy
2136,NDX,1.0,buy
2137,CPQ,1.0,buy
2138,INTC,1.0,buy
2139,IBM,1.0,buy
2140,AAPL,1.0,buy
2141,GOOG,1.0,buy
2142,MSFT,1.0,buy
2143,SPX,1.0,buy
2144,OEX,1.0,buy
2145,DJX,1.0,buy
2146,NDX,1.0,buy
2147,CPQ,1.0,buy
2148,INTC,1.0,buy
2149,IBM,1.0,buy
2150,AAPL,1.0,buy
2151,GOOG,1.0,buy
2152,MSFT,1.0,buy
2153,SPX,1.0,buy
2154,OEX,1.0,buy
2155,DJX,1.0,buy
2156,NDX,1.0,buy
2157,CPQ,1.0,buy
2158,INTC,1.0,buy
2159,IBM,1.0,buy
2160,AAPL,1.0,buy
2161,GOOG,1.0,buy
2162,MSFT,1.0,buy
2163,SPX,1.0,buy
2164,OEX,1.0,buy
2165,DJX,1.0,buy
2166,NDX,1.0,buy
2167,CPQ,1.0,buy
2168,INTC,1.0,buy
2169,IBM,1.0,buy
2170,AAPL,1.0,buy
2171,GOOG,1.0,buy
2172,MSFT,1.0,buy
2173,SPX,1.0,buy
2174,OEX,1.0,buy
2175,DJX,1.0,buy
2176,NDX,1.0,buy
2177,CPQ,1.0,buy
2178,INTC,1.0,buy
2179,IBM,1.0,buy
2180,AAPL,1.0,buy
2181,GOOG,1.0,buy
2182,MSFT,1.0,buy
2183,SPX,1.0,buy
2184,OEX,1.0,buy
2185,DJX,1.0,buy
2186,NDX,1.0,buy
2187,CPQ,1.0,buy
2188,INTC,1.0,buy
2189,IBM,1.0,buy
2190,AAPL,1.0,buy
2191,GOOG,1.0,buy
2192,MSFT,1.0,buy
2193,SPX,1.0,buy
2194,OEX,1.0,buy
2195,DJX,1.0,buy
2196,NDX,1.0,buy
2197,CPQ,1.0,buy
2198,INTC,1.0,buy
2199,IBM,1.0,buy
2200,AAPL,1.0,buy
2201,GOOG,1.0,buy
2202,MSFT,1.0,buy
2203,SPX,1.0,buy
2204,OEX,1.0,buy
2205,DJX,1.0,buy
2206,NDX,1.0,buy
2207,CPQ,1.0,buy
2208,INTC,1.0,buy
2209,IBM,1.0,buy
2210,AAPL,1.0,buy
2211,GOOG,1.0,buy
2212,MSFT,1.0,buy
2213,SPX,1.0,buy
2214,OEX,1.0,buy
2215,DJX,1.0,buy
2216,NDX,1.0,buy
2217,CPQ,1.0,buy
2218,INTC,1.0,buy
2219,IBM,1.0,buy
2220,AAPL,1.0,buy
2221,GOOG,1.0,buy
2222,MSFT,1.0,buy
2223,SPX,1.0,buy
2224,OEX,1.0,buy
2225,DJX,1.0,buy
2226,NDX,1.0,buy
2227,CPQ,1.0,buy
2228,INTC,1.0,buy
2229,IBM,1.0,buy
2230,AAPL,1.0,buy
2231,GOOG,1.0,buy
2232,MSFT,1.0,buy
2233,SPX,1.0,buy
2234,OEX,1.0,buy
2235,DJX,1.0,buy
2236,NDX,1.0,buy
2237,CPQ,1.0,buy
2238,INTC,1.0,buy
2239,IBM,1.0,buy
2240,AAPL,1.0,buy
2241,GOOG,1.0,buy
2242,MSFT,1.0,buy
2243,SPX,1.0,buy
2244,OEX,1.0,buy
2245,DJX,1.0,buy
2246,NDX,1.0,buy
2247,CPQ,1.0,buy
2248,INTC,1.0,buy
2249,IBM,1.0,buy
2250,AAPL,1.0,buy
2251,GOOG,1.0,buy
2252,MSFT,1.0,buy
2253,SPX,1.0,buy
2254,OEX,1.0,buy
2255,DJX,1.0,buy
2256,NDX,1.0,buy
2257,CPQ,1.0,buy
2258,INTC,1.0,buy
2259,IBM,1.0,buy
2260,AAPL,1.0,buy
2261,GOOG,1.0,buy
2262,MSFT,1.0,buy
2263,SPX,1.0,buy
2264,OEX,1.0,buy
2265,DJX,1.0,buy
2266,NDX,1.0,buy
2267,CPQ,1.0,buy
2268,INTC,1.0,buy
2269,IBM,1.0,buy
2270,AAPL,1.0,buy
2271,GOOG,1.0,buy
2272,MSFT,1.0,buy
2273,SPX,1.0,buy
2274,OEX,1.0,buy
2275,DJX,1.0,buy
2276,NDX,1.0,buy
2277,CPQ,1.0,buy
2278,INTC,1.0,buy
2279,IBM,1.0,buy
2280,AAPL,1.0,buy
2281,GOOG,1.0,buy
2282,MSFT,1.0,buy
2283,SPX,1.0,buy
2284,OEX,1.0,buy
2285,DJX,1.0,buy
2286,NDX,1.0,buy
2287,CPQ,1.0,buy
2288,INTC,1.0,buy
2289,IBM,1.0,buy
2290,AAPL,1.0,buy
2291,GOOG,1.0,buy
2292,MSFT,1.0,buy
2293,SPX,1.0,buy
2294,OEX,1.0,buy
2295,DJX,1.0,buy
2296,NDX,1.0,buy
2297,CPQ,1.0,buy
2298,INTC,1.0,buy
2299,IBM,1.0,buy
2300,AAPL,1.0,buy
2301,GOOG,1.0,buy
2302,MSFT,1.0,buy
2303,SPX,1.0,buy
2304,OEX,1.0,buy
2305,DJX,1.0,buy
2306,NDX,1.0,buy
2307,CPQ,1.0,buy
2308,INTC,1.0,buy
2309,IBM,1.0,buy
2310,AAPL,1.0,buy
2311,GOOG,1.0,buy
2312,MSFT,1.0,buy
2313,SPX,1.0,buy
2314,OEX,1.0,buy
2315,DJX,1.0,buy
2316,NDX,1.0,buy
2317,CPQ,1.0,buy
2318,INTC,1.0,buy
2319,IBM,1.0,buy
2320,AAPL,1.0,buy
2321,GOOG,1.0,buy
2322,MSFT,1.0,buy
2323,SPX,1.0,buy
2324,OEX,1.0,buy
2325,DJX,1.0,buy
2326,NDX,1.0,buy
2327,CPQ,1.0,buy
2328,INTC,1.0,buy
2329,IBM,1.0,buy
2330,AAPL,1.0,buy
2331,GOOG,1.0,buy
2332,MSFT,1.0,buy
2333,SPX,1.0,buy
2334,OEX,1.0,buy
2335,DJX,1.0,buy
2336,NDX,1.0,buy
2337,CPQ,1.0,buy
2338,INTC,1.0,buy
2339,IBM,1.0,buy
2340,AAPL,1.0,buy
2341,GOOG,1.0,buy
2342,MSFT,1.0,buy
2343,SPX,1.0,buy
2344,OEX,1.0,buy
2345,DJX,1.0,buy
2346,NDX,1.0,buy
2347,CPQ,1.0,buy
2348,INTC,1.0,buy
2349,IBM,1.0,buy
2350,AAPL,1.0,buy
2351,GOOG,1.0,buy
2352,MSFT,1.0,buy
2353,SPX,1.0,buy
2354,OEX,1.0,buy
2355,DJX,1.0,buy
2356,NDX,1.0,buy
2357,CPQ,1.0,buy
2358,INTC,1.0,buy
2359,IBM,1.0,buy
2360,AAPL,1.0,buy
2361,GOOG,1.0,buy
2362,MSFT,1.0,buy
2363,SPX,1.0,buy
2364,OEX,1.0,buy
2365,DJX,1.0,buy
2366,NDX,1.0,buy
2367,CPQ,1.0,buy
2368,INTC,1.0,buy
2369,IBM,1.0,buy
2370,AAPL,1.0,buy
2371,GOOG,1.0,buy
2372,MSFT,1.0,buy
2373,SPX,1.0,buy
2374,OEX,1.0,buy
2375,DJX,1.0,buy
2376,NDX,1.0,buy
2377,CPQ,1.0,buy
2378,INTC,1.0,buy
2379,IBM,1.0,buy
2380,AAPL,1.0,buy
2381,GOOG,1.0,buy
2382,MSFT,1.0,buy
2383,SPX,1.0,buy
2384,OEX,1.0,buy
2385,DJX,1.0,buy
2386,NDX,1.0,buy
2387,CPQ,1.0,buy
2388,INTC,1.0,buy
2389,IBM,1.0,buy
2390,AAPL,1.0,buy
2391,GOOG,1.0,buy
2392,MSFT,1.0,buy
2393,SPX,1.0,buy
2394,OEX,1.0,buy
2395,DJX,1.0,buy
2396,NDX,1.0,buy
2397,CPQ,1.0,buy
2398,INTC,1.0,buy
2399,IBM,1.0,buy
2400,AAPL,1.0,buy
2401,GOOG,1.0,buy
2402,MSFT,1.0,buy
2403,SPX,1.0,buy
2404,OEX,1.0,buy
2405,DJX,1.0,buy
2406,NDX,1.0,buy
2407,CPQ,1.0,buy
2408,INTC,1.0,buy
2409,IBM,1.0,buy
2410,AAPL,1.0,buy
2411,GOOG,1.0,buy
2412,MSFT,1.0,buy
2413,SPX,1.0,buy
2414,OEX,1.0,buy
2415,DJX,1.0,buy
2416,NDX,1.0,buy
2417,CPQ,1.0,buy
2418,INTC,1.0,buy
2419,IBM,1.0,buy
2420,AAPL,1.0,buy
2421,GOOG,1.0,buy
2422,MSFT,1.0,buy
2423,SPX,1.0,buy
2424,OEX,1.0,buy
2425,DJX,1.0,buy
2426,NDX,1.0,buy
2427,CPQ,1.0,buy
2428,INTC,1.0,buy
2429,IBM,1.0,buy
2430,AAPL,1.0,buy
2431,GOOG,1.0,buy
2432,MSFT,1.0,buy
2433,SPX,1.0,buy
2434,OEX,1.0,buy
2435,DJX,1.0,buy
2436,NDX,1.0,buy
2437,CPQ,1.0,buy
2438,INTC,1.0,buy
2439,IBM,1.0,buy
2440,AAPL,1.0,buy
2441,GOOG,1.0,buy
2442,MSFT,1.0,buy
2443,SPX,1.0,buy
2444,OEX,1.0,buy
2445,DJX,1.0,buy
2446,NDX,1.0,buy
2447,CPQ,1.0,buy
2448,INTC,1.0,buy
2449,IBM,1.0,buy
2450,AAPL,1.0,buy
2451,GOOG,1.0,buy
2452,MSFT,1.0,buy
2453,SPX,1.0,buy
2454,OEX,1.0,buy
2455,DJX,1.0,buy
2456,NDX,1.0,buy
2457,CPQ,1.0,buy
2458,INTC,1.0,buy
2459,IBM,1.0,buy
2460,AAPL,1.0,buy
2461,GOOG,1.0,buy
2462,MSFT,1.0,buy
2463,SPX,1.0,buy
2464,OEX,1.0,buy
2465,DJX,1.0,buy
2466,NDX,1.0,buy
2467,CPQ,1.0,buy
2468,INTC,1.0,buy
2469,IBM,1.0,buy
2470,AAPL,1.0,buy
2471,GOOG,1.0,buy
2472,MSFT,1.0,buy
2473,SPX,1.0,buy
2474,OEX,1.0,buy
2475,DJX,1.0,buy
2476,NDX,1.0,buy
2477,CPQ,1.0,buy
2478,INTC,1.0,buy
2479,IBM,1.0,buy
2480,AAPL,1.0,buy
2481,GOOG,1.0,buy
2482,MSFT,1.0,buy
2483,SPX,1.0,buy
2484,OEX,1.0,buy
2485,DJX,1.0,buy
2486,NDX,1.0,buy
2487,CPQ,1.0,buy
2488,INTC,1.0,buy
2489,IBM,1.0,buy
2490,AAPL,1.0,buy
2491,GOOG,1.0,buy
2492,MSFT,1.0,buy
2493,SPX,1.0,buy
2494,OEX,1.0,buy
2495,DJX,1.0,buy
2496,NDX,1.0,buy
2497,CPQ,1.0,buy
2498,INTC,1.0,buy
2499,IBM,1.0,buy
2500,AAPL,1.0,buy
2501,GOOG,1.0,buy
2502,MSFT,1.0,buy
2503,SPX,1.0,buy
2504,OEX,1.0,buy
2505,DJX,1.0,buy
2506,NDX,1.0,buy
2507,CPQ,1.0,buy
2508,INTC,1.0,buy
2509,IBM,1.0,buy
2510,AAPL,1.0,buy
2511,GOOG,1.0,buy
2512,MSFT,1.0,buy
2513,SPX,1.0,buy
2514,OEX,1.0,buy
2515,DJX,1.0,buy
2516,NDX,1.0,buy
2517,CPQ,1.0,buy
2518,INTC,1.0,buy
2519,IBM,1.0,buy
2520,AAPL,1.0,buy
2521,GOOG,1.0,buy
2522,MSFT,1.0,buy
2523,SPX,1.0,buy
2524,OEX,1.0,buy
2525,DJX,1.0,buy
2526,NDX,1.0,buy
2527,CPQ,1.0,buy
2528,INTC,1.0,buy
2529,IBM,1.0,buy
2530,AAPL,1.0,buy
2531,GOOG,1.0,buy
2532,MSFT,1.0,buy
2533,SPX,1.0,buy
2534,OEX,1.0,buy
2535,DJX,1.0,buy
2536,NDX,1.0,buy
2537,CPQ,1.0,buy
2538,INTC,1.0,buy
2539,IBM,1.0,buy
2540,AAPL,1.0,buy
2541,GOOG,1.0,buy
2542,MSFT,1.0,buy
2543,SPX,1.0,buy
2544,OEX,1.0,buy
2545,DJX,1.0,buy
2546,NDX,1.0,buy
2547,CPQ,1.0,buy
2548,INTC,1.0,buy
2549,IBM,1.0,buy
2550,AAPL,1.0,buy
2551,GOOG,1.0,buy
2552,MSFT,1.0,buy
2553,SPX,1.0,buy
2554,OEX,1.0,buy
2555,DJX,1.0,buy
2556,NDX,1.0,buy
2557,CPQ,1.0,buy
2558,INTC,1.0,buy
2559,IBM,1.0,buy
2560,AAPL,1.0,buy
2561,GOOG,1.0,buy
2562,MSFT,1.0,buy
2563,SPX,1.0,buy
2564,OEX,1.0,buy
2565,DJX,1.0,buy
2566,NDX,1.0,buy
2567,CPQ,1.0,buy
2568,INTC,1.0,buy
2569,IBM,1.0,buy
2570,AAPL,1.0,buy
2571,GOOG,1.0,buy
2572,MSFT,1.0,buy
2573,SPX,1.0,buy
2574,OEX,1.0,buy
2575,DJX,1.0,buy
2576,NDX,1.0,buy
2577,CPQ,1.0,buy
2578,INTC,1.0,buy
2579,IBM,1.0,buy
2580,AAPL,1.0,buy
2581,GOOG,1.0,buy
2582,MSFT,1.0,buy
2583,SPX,1.0,buy
2584,OEX,1.0,buy
2585,DJX,1.0,buy
2586,NDX,1.0,buy
2587,CPQ,1.0,buy
2588,INTC,1.0,buy
2589,IBM,1.0,buy
2590,AAPL,1.0,buy
2591,GOOG,1.0,buy
2592,MSFT,1.0,buy
2593,SPX,1.0,buy
2594,OEX,1.0,buy
2595,DJX,1.0,buy
2596,NDX,1.0,buy
2597,CPQ,1.0,buy
2598,INTC,1.0,buy
2599,IBM,1.0,buy
2600,AAPL,1.0,buy
2601,GOOG,1.0,buy
2602,MSFT,1.0,buy
2603,SPX,1.0,buy
2604,OEX,1.0,buy
2605,DJX,1.0,buy
2606,NDX,1.0,buy
2607,CPQ,1.0,buy
2608,INTC,1.0,buy
2609,IBM,1.0,buy
2610,AAPL,1.0,buy
2611,GOOG,1.0,buy
2612,MSFT,1.0,buy
2613,SPX,1.0,buy
2614,OEX,1.0,buy
2615,DJX,1.0,buy
2616,NDX,1.0,buy
2617,CPQ,1.0,buy
2618,INTC,1.0,buy
2619,IBM,1.0,buy
2620,AAPL,1.0,buy
2621,GOOG,1.0,buy
2622,MSFT,1.0,buy
2623,SPX,1.0,buy
2624,OEX,1.0,buy
2625,DJX,1.0,buy
2626,NDX,1.0,buy
2627,CPQ,1.0,buy
2628,INTC,1.0,buy
2629,IBM,1.0,buy
2630,AAPL,1.0,buy
2631,GOOG,1.0,buy
2632,MSFT,1.0,buy
2633,SPX,1.0,buy
2634,OEX,1.0,buy
2635,DJX,1.0,buy
2636,NDX,1.0,buy
2637,CPQ,1.0,buy
2638,INTC,1.0,buy
2639,IBM,1.0,buy
2640,AAPL,1.0,buy
2641,GOOG,1.0,buy
2642,MSFT,1.0,buy
2643,SPX,1.0,buy
2644,OEX,1.0,buy
2645,DJX,1.0,buy
2646,NDX,1.0,buy
2647,CPQ,1.0,buy
2648,INTC,1.0,buy
2649,IBM,1.0,buy
2650,AAPL,1.0,buy
2651,GOOG,1.0,buy
2652,MSFT,1.0,buy
2653,SPX,1.0,buy
2654,OEX,1.0,buy
2655,DJX,1.0,buy
2656,NDX,1.0,buy
2657,CPQ,1.0,buy
2658,INTC,1.0,buy
2659,IBM,1.0,buy
2660,AAPL,1.0,buy
2661,GOOG,1.0,buy
2662,MSFT,1.0,buy
2663,SPX,1.0,buy
2664,OEX,1.0,buy
2665,DJX,1.0,buy
2666,NDX,1.0,buy
2667,CPQ,1.0,buy
2668,INTC,1.0,buy
2669,IBM,1.0,buy
2670,AAPL,1.0,buy
2671,GOOG,1.0,buy
2672,MSFT,1.0,buy
2673,SPX,1.0,buy
2674,OEX,1.0,buy
2675,DJX,1.0,buy
2676,NDX,1.0,buy
2677,CPQ,1.0,buy
2678,INTC,1.0,buy
2679,IBM,1.0,buy
2680,AAPL,1.0,buy
2681,GOOG,1.0,buy
2682,MSFT,1.0,buy
2683,SPX,1.0,buy
2684,OEX,1.0,buy
2685,DJX,1.0,buy
2686,NDX,1.0,buy
2687,CPQ,1.0,buy
2688,INTC,1.0,buy
2689,IBM,1.0,buy
2690,AAPL,1.0,buy
2691,GOOG,1.0,buy
2692,MSFT,1.0,buy
2693,SPX,1.0,buy
2694,OEX,1.0,buy
2695,DJX,1.0,buy
2696,NDX,1.0,buy
2697,CPQ,1.0,buy
2698,INTC,1.0,buy
2699,IBM,1.0,buy
2700,AAPL,1.0,buy
2701,GOOG,1.0,buy
2702,MSFT,1.0,buy
2703,SPX,1.0,buy
2704,OEX,1.0,buy
2705,DJX,1.0,buy
2706,NDX,1.0,buy
2707,CPQ,1.0,buy
2708,INTC,1.0,buy
2709,IBM,1.0,buy
2710,AAPL,1.0,buy
2711,GOOG,1.0,buy
2712,MSFT,1.0,buy
2713,SPX,1.0,buy
2714,OEX,1.0,buy
2715,DJX,1.0,buy
2716,NDX,1.0,buy
2717,CPQ,1.0,buy
2718,INTC,1.0,buy
2719,IBM,1.0,buy
2720,AAPL,1.0,buy
2721,GOOG,1.0,buy
2722,MSFT,1.0,buy
2723,SPX,1.0,buy
2724,OEX,1.0,buy
2725,DJX,1.0,buy
2726,NDX,1.0,buy
2727,CPQ,1.0,buy
2728,INTC,1.0,buy
2729,IBM,1.0,buy
2730,AAPL,1.0,buy
2731,GOOG,1.0,buy
2732,MSFT,1.0,buy
2733,SPX,1.0,buy
2734,OEX,1.0,buy
2735,DJX,1.0,buy
2736,NDX,1.0,buy
2737,CPQ,1.0,buy
2738,INTC,1.0,buy
2739,IBM,1.0,buy
2740,AAPL,1.0,buy
2741,GOOG,1.0,buy
2742,MSFT,1.0,buy
2743,SPX,1.0,buy
2744,OEX,1.0,buy
2745,DJX,1.0,buy
2746,NDX,1.0,buy
2747,CPQ,1.0,buy
2748,INTC,1.0,buy
2749,IBM,1.0,buy
2750,AAPL,1.0,buy
2751,GOOG,1.0,buy
2752,MSFT,1.0,buy
2753,SPX,1.0,buy
2754,OEX,1.0,buy
2755,DJX,1.0,buy
2756,NDX,1.0,buy
2757,CPQ,1.0,buy
2758,INTC,1.0,buy
2759,IBM,1.0,buy
2760,AAPL,1.0,buy
2761,GOOG,1.0,buy
2762,MSFT,1.0,buy
2763,SPX,1.0,buy
2764,OEX,1.0,buy
2765,DJX,1.0,buy
2766,NDX,1.0,buy
2767,CPQ,1.0,buy
2768,INTC,1.0,buy
2769,IBM,1.0,buy
2770,AAPL,1.0,buy
2771,GOOG,1.0,buy
2772,MSFT,1.0,buy
2773,SPX,1.0,buy
2774,OEX,1.0,buy
2775,DJX,1.0,buy
2776,NDX,1.0,buy
2777,CPQ,1.0,buy
2778,INTC,1.0,buy
2779,IBM,1.0,buy
2780,AAPL,1.0,buy
2781,GOOG,1.0,buy
2782,MSFT,1.0,buy
2783,SPX,1.0,buy
2784,OEX,1.0,buy
2785,DJX,1.0,buy
2786,NDX,1.0,buy
2787,CPQ,1.0,buy
2788,INTC,1.0,buy
2789,IBM,1.0,buy
2790,AAPL,1.0,buy
2791,GOOG,1.0,buy
2792,MSFT,1.0,buy
2793,SPX,1.0,buy
2794,OEX,1.0,buy
2795,DJX,1.0,buy
2796,NDX,1.0,buy
2797,CPQ,1.0,buy
2798,INTC,1.0,buy
2799,IBM,1.0,buy
